Mota;Galdera;Irudia;Zuzena;Oker1;Oker2;Jatorria;Esteka;Egilea;
Laberintoa;Ertz berdetik (I-M) abiatuta topatu gertueneko irteera.;maze/maze0.svg;Horia (H-E);Urdina (I-E);Gorria (H-M);;;Gorka Urbizu Garmendia;
Laberintoa;Ertz berdetik (I-M) abiatuta topatu gertueneko irteera.;maze/maze1.svg;Urdina (I-E);Horia (H-E);Gorria (H-M);;;Gorka Urbizu Garmendia;
Laberintoa;Ertz berdetik (I-M) abiatuta topatu gertueneko irteera.;maze/maze2.svg;Gorria (H-M);Horia (H-E);Urdina (I-E);;;Gorka Urbizu Garmendia;
Laberintoa;Ertz berdetik (I-M) abiatuta topatu gertueneko irteera.;maze/maze3.svg;Gorria (H-M);Horia (H-E);Urdina (I-E);;;Gorka Urbizu Garmendia;
Laberintoa;Ertz berdetik (I-M) abiatuta topatu gertueneko irteera.;maze/maze4.svg;Gorria (H-M);Horia (H-E);Urdina (I-E);;;Gorka Urbizu Garmendia;
Laberintoa;Ertz berdetik (I-M) abiatuta topatu gertueneko irteera.;maze/maze5.svg;Gorria (H-M);Horia (H-E);Urdina (I-E);;;Gorka Urbizu Garmendia;
Laberintoa;Ertz berdetik (I-M) abiatuta topatu gertueneko irteera.;maze/maze6.svg;Urdina (I-E);Horia (H-E);Gorria (H-M);;;Gorka Urbizu Garmendia;
Laberintoa;Ertz berdetik (I-M) abiatuta topatu gertueneko irteera.;maze/maze7.svg;Gorria (H-M);Horia (H-E);Urdina (I-E);;;Gorka Urbizu Garmendia;
Laberintoa;Ertz berdetik (I-M) abiatuta topatu gertueneko irteera.;maze/maze8.svg;Urdina (I-E);Horia (H-E);Gorria (H-M);;;Gorka Urbizu Garmendia;
Laberintoa;Ertz berdetik (I-M) abiatuta topatu gertueneko irteera.;maze/maze9.svg;Gorria (H-M);Horia (H-E);Urdina (I-E);;;Gorka Urbizu Garmendia;
